order_id,erp_customer_id,product_id,quantity,unit_price_eur,order_date
O-2026-0001,KD-50007,P-200,3000,44.90,2026-01-02
O-2026-0002,KD-50009,P-300,3600,27.80,2026-01-06
O-2026-0003,KD-50014,P-300,1550,27.80,2026-01-17
O-2026-0004,KD-50008,P-100,4900,38.50,2026-01-25
O-2026-0005,KD-50015,P-300,1600,27.80,2026-01-30
O-2026-0006,KD-50013,P-400,3900,61.20,2026-02-02
O-2026-0007,KD-50010,P-200,4600,44.90,2026-02-05
O-2026-0008,KD-50011,P-300,4550,27.80,2026-02-06
O-2026-0009,KD-50009,P-100,2500,38.50,2026-02-10
O-2026-0010,KD-50004,P-500,600,73.40,2026-02-13
O-2026-0011,KD-50002,P-100,2500,38.50,2026-02-19
O-2026-0012,KD-50014,P-300,1050,27.80,2026-03-23
O-2026-0013,KD-50012,P-300,3300,27.80,2026-04-02
O-2026-0014,KD-50003,P-300,2350,27.80,2026-04-18
O-2026-0015,KD-50010,P-200,3500,44.90,2026-05-06
O-2026-0016,KD-50003,P-300,950,27.80,2026-05-07
O-2026-0017,KD-50012,P-500,3500,73.40,2026-05-15
O-2026-0018,KD-50006,P-300,3950,27.80,2026-05-16
O-2026-0019,KD-50011,P-100,4450,38.50,2026-05-17
O-2026-0020,KD-50013,P-300,2650,27.80,2026-05-18
O-2026-0021,KD-50003,P-400,2500,61.20,2026-05-19
O-2026-0022,KD-50012,P-400,2250,61.20,2026-05-23
O-2026-0023,KD-50001,P-200,5000,44.90,2026-05-29
O-2026-0024,KD-50013,P-300,800,27.80,2026-05-31
O-2026-0025,KD-50009,P-100,4100,38.50,2026-06-02
O-2026-0026,KD-50002,P-200,3700,44.90,2026-06-11
O-2026-0027,KD-50015,P-100,3900,38.50,2026-06-15
O-2026-0028,KD-50015,P-500,1500,73.40,2026-06-16
O-2026-0029,KD-50003,P-200,4950,44.90,2026-06-22
O-2026-0030,KD-50009,P-300,4100,27.80,2026-07-05
O-2026-0031,KD-50008,P-100,800,38.50,2026-07-05
O-2026-0032,KD-50005,P-400,4150,61.20,2026-07-06
O-2026-0033,KD-50014,P-300,1050,27.80,2026-07-11
O-2026-0034,KD-50002,P-200,700,44.90,2026-07-14
O-2026-0035,KD-50012,P-500,2800,73.40,2026-07-24
O-2026-0036,KD-50004,P-400,2600,61.20,2026-08-23
O-2026-0037,KD-50013,P-100,4750,38.50,2026-08-24
O-2026-0038,KD-50007,P-400,3900,61.20,2026-08-28
O-2026-0039,KD-50006,P-300,950,27.80,2026-09-18
O-2026-0040,KD-50013,P-200,3550,44.90,2026-09-29
