erp_customer_id,name,vat_id,payment_terms_days
KD-50001,RHEINSTAHL FAHRZEUGBAU,DE786579303,30
KD-50002,VOLTARIS MOBILITY,DE126855092,60
KD-50003,HANSEKRAFT AUTOMOBILE,DE362950628,45
KD-50004,ISARTAL MOTORENWERKE,DE249827706,30
KD-50005,MOSELWERK FAHRZEUGE,DE826600539,30
KD-50006,ODERBRUCH NUTZFAHRZEUGE,DE734036506,90
KD-50007,LECHFELD E-MOBIL,DE134126396,30
KD-50008,DANUBIA FAHRZEUGTECHNIK,AT200604502,45
KD-50009,LOIRE MOBILITE,FR349817734,30
KD-50010,EBRO VEHICULOS,ES702632297,45
KD-50011,PADANIA AUTOMOTIVE,IT868820204,90
KD-50012,MORAVIA AUTOMOTIVE,CZ336696312,90
KD-50013,VISTULA AUTO,PL732719211,60
KD-50014,CARPATHIA MOTORS,RO969119330,30
KD-50015,NORDKAP ELECTRIC VEHICLES,NO914763202,45
